<?xml version="1.0" encoding="UTF-8"?>
<export version="E">
  <design>
    <source>C:\Users\jackf\OneDrive\Documents\Rocketry_Payload_Main\Rocketry_Payload_Main_DDR_Spec_V2\Rocketry_Payload_Main_DDR_Spec_V2.kicad_sch</source>
    <date>13/03/2024 4:21:38 PM</date>
    <tool>Eeschema 7.0.6</tool>
    <sheet number="1" name="/" tstamps="/">
      <title_block>
        <title/>
        <company/>
        <rev/>
        <date/>
        <source>Rocketry_Payload_Main_DDR_Spec_V2.kicad_sch</source>
        <comment number="1" value=""/>
        <comment number="2" value=""/>
        <comment number="3" value=""/>
        <comment number="4" value=""/>
        <comment number="5" value=""/>
        <comment number="6" value=""/>
        <comment number="7" value=""/>
        <comment number="8" value=""/>
        <comment number="9" value=""/>
      </title_block>
    </sheet>
  </design>
  <components>
    <comp ref="C1">
      <value>0.1nF</value>
      <footprint>Capacitor_SMD:C_1206_3216Metric_Pad1.33x1.80mm_HandSolder</footprint>
      <libsource lib="Device" part="C" description="Unpolarized capacitor"/>
      <property name="Sheetname" value=""/>
      <property name="Sheetfile" value="Rocketry_Payload_Main_DDR_Spec_V2.kicad_sch"/>
      <property name="ki_description" value="Unpolarized capacitor"/>
      <property name="ki_keywords" value="cap capacitor"/>
      <sheetpath names="/" tstamps="/"/>
      <tstamps>a668510e-c55f-4910-b837-f39e0d76c356</tstamps>
    </comp>
    <comp ref="C2">
      <value>0.1nF</value>
      <footprint>Capacitor_SMD:C_1206_3216Metric_Pad1.33x1.80mm_HandSolder</footprint>
      <libsource lib="Device" part="C" description="Unpolarized capacitor"/>
      <property name="Field4" value=""/>
      <property name="Sheetname" value=""/>
      <property name="Sheetfile" value="Rocketry_Payload_Main_DDR_Spec_V2.kicad_sch"/>
      <property name="ki_description" value="Unpolarized capacitor"/>
      <property name="ki_keywords" value="cap capacitor"/>
      <sheetpath names="/" tstamps="/"/>
      <tstamps>8cbe9b9a-6962-4ced-9449-6ab8ad28fd10</tstamps>
    </comp>
    <comp ref="C3">
      <value>C</value>
      <footprint>Capacitor_SMD:C_1206_3216Metric_Pad1.33x1.80mm_HandSolder</footprint>
      <libsource lib="Device" part="C" description="Unpolarized capacitor"/>
      <property name="Sheetname" value=""/>
      <property name="Sheetfile" value="Rocketry_Payload_Main_DDR_Spec_V2.kicad_sch"/>
      <property name="ki_description" value="Unpolarized capacitor"/>
      <property name="ki_keywords" value="cap capacitor"/>
      <sheetpath names="/" tstamps="/"/>
      <tstamps>2de8a840-e36d-4da2-8cdb-02c637eb6bf7</tstamps>
    </comp>
    <comp ref="C4">
      <value>0.1uF</value>
      <footprint>Capacitor_SMD:C_1206_3216Metric</footprint>
      <libsource lib="BSPD-rescue" part="CP1_Small-Device" description=""/>
      <property name="Sheetname" value=""/>
      <property name="Sheetfile" value="Rocketry_Payload_Main_DDR_Spec_V2.kicad_sch"/>
      <sheetpath names="/" tstamps="/"/>
      <tstamps>a2432d31-b1a1-42d8-a462-025c9a7bd044</tstamps>
    </comp>
    <comp ref="C5">
      <value>0.1uF</value>
      <footprint>Capacitor_SMD:C_1206_3216Metric</footprint>
      <libsource lib="BSPD-rescue" part="CP1_Small-Device" description=""/>
      <property name="Sheetname" value=""/>
      <property name="Sheetfile" value="Rocketry_Payload_Main_DDR_Spec_V2.kicad_sch"/>
      <sheetpath names="/" tstamps="/"/>
      <tstamps>7ed425a7-1580-4c7f-bc2b-65b336a46fbf</tstamps>
    </comp>
    <comp ref="C6">
      <value>C</value>
      <footprint>Capacitor_SMD:C_1206_3216Metric_Pad1.33x1.80mm_HandSolder</footprint>
      <libsource lib="Device" part="C" description="Unpolarized capacitor"/>
      <property name="Sheetname" value=""/>
      <property name="Sheetfile" value="Rocketry_Payload_Main_DDR_Spec_V2.kicad_sch"/>
      <property name="ki_description" value="Unpolarized capacitor"/>
      <property name="ki_keywords" value="cap capacitor"/>
      <sheetpath names="/" tstamps="/"/>
      <tstamps>a4da0039-8ac9-4c00-8af0-a9e7fb250751</tstamps>
    </comp>
    <comp ref="COMMISIONING_PWR1">
      <value>BATTERIES IN</value>
      <footprint>Connector_Molex:Molex_Mini-Fit_Jr_5566-02A_2x01_P4.20mm_Vertical</footprint>
      <libsource lib="Connector" part="Screw_Terminal_01x02" description="Generic screw terminal, single row, 01x02, script generated (kicad-library-utils/schlib/autogen/connector/)"/>
      <property name="Sheetname" value=""/>
      <property name="Sheetfile" value="Rocketry_Payload_Main_DDR_Spec_V2.kicad_sch"/>
      <property name="ki_description" value="Generic screw terminal, single row, 01x02, script generated (kicad-library-utils/schlib/autogen/connector/)"/>
      <property name="ki_keywords" value="screw terminal"/>
      <sheetpath names="/" tstamps="/"/>
      <tstamps>72ae481d-9510-4250-b742-4a210417daca</tstamps>
    </comp>
    <comp ref="D1">
      <value>BMP1 FAULT</value>
      <footprint>Diode_SMD:D_1206_3216Metric_Pad1.42x1.75mm_HandSolder</footprint>
      <libsource lib="Device" part="LED" description="Light emitting diode"/>
      <property name="Sheetname" value=""/>
      <property name="Sheetfile" value="Rocketry_Payload_Main_DDR_Spec_V2.kicad_sch"/>
      <property name="ki_description" value="Light emitting diode"/>
      <property name="ki_keywords" value="LED diode"/>
      <sheetpath names="/" tstamps="/"/>
      <tstamps>3862dd72-08bc-4eea-b659-eda5b7b00efc</tstamps>
    </comp>
    <comp ref="D2">
      <value>BMP2 FAULT</value>
      <footprint>Diode_SMD:D_1206_3216Metric_Pad1.42x1.75mm_HandSolder</footprint>
      <libsource lib="Device" part="LED" description="Light emitting diode"/>
      <property name="Sheetname" value=""/>
      <property name="Sheetfile" value="Rocketry_Payload_Main_DDR_Spec_V2.kicad_sch"/>
      <property name="ki_description" value="Light emitting diode"/>
      <property name="ki_keywords" value="LED diode"/>
      <sheetpath names="/" tstamps="/"/>
      <tstamps>72cad68a-7200-4ae7-ab25-ac855e84ba88</tstamps>
    </comp>
    <comp ref="D3">
      <value>ACTUATOR ON</value>
      <footprint>Diode_SMD:D_1206_3216Metric_Pad1.42x1.75mm_HandSolder</footprint>
      <libsource lib="Device" part="LED" description="Light emitting diode"/>
      <property name="Sheetname" value=""/>
      <property name="Sheetfile" value="Rocketry_Payload_Main_DDR_Spec_V2.kicad_sch"/>
      <property name="ki_description" value="Light emitting diode"/>
      <property name="ki_keywords" value="LED diode"/>
      <sheetpath names="/" tstamps="/"/>
      <tstamps>2bf4a243-ade4-40f6-a48a-18492330d78f</tstamps>
    </comp>
    <comp ref="D4">
      <value>VALVE OPEN</value>
      <footprint>Diode_SMD:D_1206_3216Metric_Pad1.42x1.75mm_HandSolder</footprint>
      <libsource lib="Device" part="LED" description="Light emitting diode"/>
      <property name="Sheetname" value=""/>
      <property name="Sheetfile" value="Rocketry_Payload_Main_DDR_Spec_V2.kicad_sch"/>
      <property name="ki_description" value="Light emitting diode"/>
      <property name="ki_keywords" value="LED diode"/>
      <sheetpath names="/" tstamps="/"/>
      <tstamps>5dc5e96d-00d7-4a15-afe4-f328d2643159</tstamps>
    </comp>
    <comp ref="D5">
      <value>D</value>
      <footprint>Diode_SMD:D_1206_3216Metric_Pad1.42x1.75mm_HandSolder</footprint>
      <fields>
        <field name="Sim.Device">D</field>
        <field name="Sim.Pins">1=K 2=A</field>
      </fields>
      <libsource lib="Device" part="D" description="Diode"/>
      <property name="Sim.Device" value="D"/>
      <property name="Sim.Pins" value="1=K 2=A"/>
      <property name="Sheetname" value=""/>
      <property name="Sheetfile" value="Rocketry_Payload_Main_DDR_Spec_V2.kicad_sch"/>
      <property name="ki_description" value="Diode"/>
      <property name="ki_keywords" value="diode"/>
      <sheetpath names="/" tstamps="/"/>
      <tstamps>19720873-ac97-40e5-a9b6-16d75dfb9d6d</tstamps>
    </comp>
    <comp ref="D6">
      <value>TEST</value>
      <footprint>Diode_SMD:D_1206_3216Metric_Pad1.42x1.75mm_HandSolder</footprint>
      <libsource lib="Device" part="LED" description="Light emitting diode"/>
      <property name="Sheetname" value=""/>
      <property name="Sheetfile" value="Rocketry_Payload_Main_DDR_Spec_V2.kicad_sch"/>
      <property name="ki_description" value="Light emitting diode"/>
      <property name="ki_keywords" value="LED diode"/>
      <sheetpath names="/" tstamps="/"/>
      <tstamps>90d966a8-9f19-4931-afa0-330f7ff53809</tstamps>
    </comp>
    <comp ref="D7">
      <value>12V_RAW</value>
      <footprint>LED_SMD:LED_1206_3216Metric</footprint>
      <libsource lib="Device" part="LED" description="Light emitting diode"/>
      <property name="Sheetname" value=""/>
      <property name="Sheetfile" value="Rocketry_Payload_Main_DDR_Spec_V2.kicad_sch"/>
      <property name="ki_description" value="Light emitting diode"/>
      <property name="ki_keywords" value="LED diode"/>
      <sheetpath names="/" tstamps="/"/>
      <tstamps>92b0a3a1-1852-419a-816e-6d2a96c2079d</tstamps>
    </comp>
    <comp ref="D8">
      <value>TWGMC-SS34</value>
      <footprint>Diode_SMD:D_SMA_Handsoldering</footprint>
      <libsource lib="Device" part="D_Zener" description="Zener diode"/>
      <property name="Sheetname" value=""/>
      <property name="Sheetfile" value="Rocketry_Payload_Main_DDR_Spec_V2.kicad_sch"/>
      <property name="ki_description" value="Zener diode"/>
      <property name="ki_keywords" value="diode"/>
      <sheetpath names="/" tstamps="/"/>
      <tstamps>30cc28c6-176c-4398-a9ee-0a5610675c5c</tstamps>
    </comp>
    <comp ref="D9">
      <value>12V_PROT</value>
      <footprint>LED_SMD:LED_1206_3216Metric</footprint>
      <libsource lib="Device" part="LED" description="Light emitting diode"/>
      <property name="Sheetname" value=""/>
      <property name="Sheetfile" value="Rocketry_Payload_Main_DDR_Spec_V2.kicad_sch"/>
      <property name="ki_description" value="Light emitting diode"/>
      <property name="ki_keywords" value="LED diode"/>
      <sheetpath names="/" tstamps="/"/>
      <tstamps>bfb03310-0961-428c-9e74-1caaef5d5e6b</tstamps>
    </comp>
    <comp ref="D10">
      <value>5V</value>
      <footprint>LED_SMD:LED_1206_3216Metric</footprint>
      <libsource lib="Device" part="LED" description="Light emitting diode"/>
      <property name="Sheetname" value=""/>
      <property name="Sheetfile" value="Rocketry_Payload_Main_DDR_Spec_V2.kicad_sch"/>
      <property name="ki_description" value="Light emitting diode"/>
      <property name="ki_keywords" value="LED diode"/>
      <sheetpath names="/" tstamps="/"/>
      <tstamps>bbd68769-ed2a-4214-a78b-0c1a483cdf16</tstamps>
    </comp>
    <comp ref="F1">
      <value>SMDFuse</value>
      <footprint>NU Teams Footprints:Fuseholder_Littelfuse_Nano2_154x</footprint>
      <libsource lib="Device" part="Fuse_Small" description="Fuse, small symbol"/>
      <property name="Sheetname" value=""/>
      <property name="Sheetfile" value="Rocketry_Payload_Main_DDR_Spec_V2.kicad_sch"/>
      <property name="ki_description" value="Fuse, small symbol"/>
      <property name="ki_keywords" value="fuse"/>
      <sheetpath names="/" tstamps="/"/>
      <tstamps>3610cc14-da1f-4652-a6c6-922e4e20c539</tstamps>
    </comp>
    <comp ref="IC1">
      <value>BMP390</value>
      <footprint>Package_LGA:ST_HLGA-10_2x2mm_P0.5mm_LayoutBorder3x2y</footprint>
      <datasheet>https://www.digikey.com.au/en/products/detail/bosch-sensortec/BMP390/16164575</datasheet>
      <libsource lib="" part="microbuilder_BMP388_1" description=""/>
      <property name="Sheetname" value=""/>
      <property name="Sheetfile" value="Rocketry_Payload_Main_DDR_Spec_V2.kicad_sch"/>
      <sheetpath names="/" tstamps="/"/>
      <tstamps>89b25d87-b2cc-47cf-94c8-f568238cde1b</tstamps>
    </comp>
    <comp ref="J1">
      <value>VALVE</value>
      <footprint>Connector_Molex:Molex_Micro-Fit_3.0_43045-0212_2x01_P3.00mm_Vertical</footprint>
      <libsource lib="Connector" part="Screw_Terminal_01x02" description="Generic screw terminal, single row, 01x02, script generated (kicad-library-utils/schlib/autogen/connector/)"/>
      <property name="Sheetname" value=""/>
      <property name="Sheetfile" value="Rocketry_Payload_Main_DDR_Spec_V2.kicad_sch"/>
      <property name="ki_description" value="Generic screw terminal, single row, 01x02, script generated (kicad-library-utils/schlib/autogen/connector/)"/>
      <property name="ki_keywords" value="screw terminal"/>
      <sheetpath names="/" tstamps="/"/>
      <tstamps>e429a27a-fdc8-4d0b-b42d-147179ec4f8d</tstamps>
    </comp>
    <comp ref="J2">
      <value>FEEDBACK</value>
      <footprint>Connector_Molex:Molex_Mini-Fit_Jr_5566-04A_2x02_P4.20mm_Vertical</footprint>
      <libsource lib="Sensors" part="MiniMolex" description=""/>
      <property name="Sheetname" value=""/>
      <property name="Sheetfile" value="Rocketry_Payload_Main_DDR_Spec_V2.kicad_sch"/>
      <sheetpath names="/" tstamps="/"/>
      <tstamps>6b096680-2ce6-48c5-8b5f-b647a821317c</tstamps>
    </comp>
    <comp ref="J3">
      <value>ACTUATOR POWER</value>
      <footprint>Connector_Molex:Molex_Mini-Fit_Jr_5566-02A_2x01_P4.20mm_Vertical</footprint>
      <libsource lib="Connector" part="Screw_Terminal_01x02" description="Generic screw terminal, single row, 01x02, script generated (kicad-library-utils/schlib/autogen/connector/)"/>
      <property name="Sheetname" value=""/>
      <property name="Sheetfile" value="Rocketry_Payload_Main_DDR_Spec_V2.kicad_sch"/>
      <property name="ki_description" value="Generic screw terminal, single row, 01x02, script generated (kicad-library-utils/schlib/autogen/connector/)"/>
      <property name="ki_keywords" value="screw terminal"/>
      <sheetpath names="/" tstamps="/"/>
      <tstamps>7d521470-8b30-4e69-a791-1da357898e1e</tstamps>
    </comp>
    <comp ref="R1">
      <value>1K</value>
      <footprint>Resistor_SMD:R_1206_3216Metric_Pad1.30x1.75mm_HandSolder</footprint>
      <libsource lib="Device" part="R" description="Resistor"/>
      <property name="Sheetname" value=""/>
      <property name="Sheetfile" value="Rocketry_Payload_Main_DDR_Spec_V2.kicad_sch"/>
      <property name="ki_description" value="Resistor"/>
      <property name="ki_keywords" value="R res resistor"/>
      <sheetpath names="/" tstamps="/"/>
      <tstamps>fe203bd2-c51f-46a8-812b-14ddcc66fdaf</tstamps>
    </comp>
    <comp ref="R2">
      <value>4.7k</value>
      <footprint>Resistor_SMD:R_1206_3216Metric_Pad1.30x1.75mm_HandSolder</footprint>
      <libsource lib="Device" part="R" description="Resistor"/>
      <property name="Sheetname" value=""/>
      <property name="Sheetfile" value="Rocketry_Payload_Main_DDR_Spec_V2.kicad_sch"/>
      <property name="ki_description" value="Resistor"/>
      <property name="ki_keywords" value="R res resistor"/>
      <sheetpath names="/" tstamps="/"/>
      <tstamps>88bd8b06-efd8-43f0-84b5-776a8d539040</tstamps>
    </comp>
    <comp ref="R3">
      <value>4.7k</value>
      <footprint>Resistor_SMD:R_1206_3216Metric_Pad1.30x1.75mm_HandSolder</footprint>
      <libsource lib="Device" part="R" description="Resistor"/>
      <property name="Sheetname" value=""/>
      <property name="Sheetfile" value="Rocketry_Payload_Main_DDR_Spec_V2.kicad_sch"/>
      <property name="ki_description" value="Resistor"/>
      <property name="ki_keywords" value="R res resistor"/>
      <sheetpath names="/" tstamps="/"/>
      <tstamps>7b74eb76-6638-498d-b372-12a1908fe01d</tstamps>
    </comp>
    <comp ref="R4">
      <value>1k</value>
      <footprint>Resistor_SMD:R_1206_3216Metric_Pad1.30x1.75mm_HandSolder</footprint>
      <libsource lib="Device" part="R" description="Resistor"/>
      <property name="Field4" value=""/>
      <property name="Field5" value=""/>
      <property name="Sheetname" value=""/>
      <property name="Sheetfile" value="Rocketry_Payload_Main_DDR_Spec_V2.kicad_sch"/>
      <property name="ki_description" value="Resistor"/>
      <property name="ki_keywords" value="R res resistor"/>
      <sheetpath names="/" tstamps="/"/>
      <tstamps>3d47fd38-50ca-4b84-950c-1d0ba18ef1be</tstamps>
    </comp>
    <comp ref="R5">
      <value>1.5k</value>
      <footprint>Resistor_SMD:R_1206_3216Metric_Pad1.30x1.75mm_HandSolder</footprint>
      <libsource lib="Device" part="R" description="Resistor"/>
      <property name="Sheetname" value=""/>
      <property name="Sheetfile" value="Rocketry_Payload_Main_DDR_Spec_V2.kicad_sch"/>
      <property name="ki_description" value="Resistor"/>
      <property name="ki_keywords" value="R res resistor"/>
      <sheetpath names="/" tstamps="/"/>
      <tstamps>24e066af-96d8-4c60-b562-efd8fe4f94ef</tstamps>
    </comp>
    <comp ref="R6">
      <value>1K</value>
      <footprint>Resistor_SMD:R_1206_3216Metric</footprint>
      <libsource lib="Device" part="R" description="Resistor"/>
      <property name="Sheetname" value=""/>
      <property name="Sheetfile" value="Rocketry_Payload_Main_DDR_Spec_V2.kicad_sch"/>
      <property name="ki_description" value="Resistor"/>
      <property name="ki_keywords" value="R res resistor"/>
      <sheetpath names="/" tstamps="/"/>
      <tstamps>db92821f-18e0-4348-8991-516dab2785a1</tstamps>
    </comp>
    <comp ref="R7">
      <value>1K</value>
      <footprint>Resistor_SMD:R_1206_3216Metric</footprint>
      <libsource lib="Device" part="R" description="Resistor"/>
      <property name="Sheetname" value=""/>
      <property name="Sheetfile" value="Rocketry_Payload_Main_DDR_Spec_V2.kicad_sch"/>
      <property name="ki_description" value="Resistor"/>
      <property name="ki_keywords" value="R res resistor"/>
      <sheetpath names="/" tstamps="/"/>
      <tstamps>904cc2f4-c1ef-480e-995b-2d69280113f8</tstamps>
    </comp>
    <comp ref="R8">
      <value>500</value>
      <footprint>Resistor_SMD:R_1206_3216Metric</footprint>
      <libsource lib="Device" part="R" description="Resistor"/>
      <property name="Sheetname" value=""/>
      <property name="Sheetfile" value="Rocketry_Payload_Main_DDR_Spec_V2.kicad_sch"/>
      <property name="ki_description" value="Resistor"/>
      <property name="ki_keywords" value="R res resistor"/>
      <sheetpath names="/" tstamps="/"/>
      <tstamps>cbfbda80-4920-4dfd-9d06-bb1062a7876e</tstamps>
    </comp>
    <comp ref="SJ1">
      <value>SOLDERJUMPER</value>
      <footprint>Jumper:SolderJumper-2_P1.3mm_Open_RoundedPad1.0x1.5mm</footprint>
      <libsource lib="Rocketry_Payload_Main-eagle-import" part="microbuilder_SOLDERJUMPER" description=""/>
      <property name="Sheetname" value=""/>
      <property name="Sheetfile" value="Rocketry_Payload_Main_DDR_Spec_V2.kicad_sch"/>
      <sheetpath names="/" tstamps="/"/>
      <tstamps>b93dfb6c-eb65-40a4-ab24-b9893ea5374b</tstamps>
    </comp>
    <comp ref="SJ2">
      <value>TEST</value>
      <footprint>TestPoint:TestPoint_2Pads_Pitch2.54mm_Drill0.8mm</footprint>
      <libsource lib="Rocketry_Payload_Main-eagle-import" part="microbuilder_SOLDERJUMPER" description=""/>
      <property name="Sheetname" value=""/>
      <property name="Sheetfile" value="Rocketry_Payload_Main_DDR_Spec_V2.kicad_sch"/>
      <sheetpath names="/" tstamps="/"/>
      <tstamps>22bdf8ef-65de-4535-84dd-02041f3430c3</tstamps>
    </comp>
    <comp ref="TP2">
      <value>3V</value>
      <footprint>TestPoint:TestPoint_Loop_D1.80mm_Drill1.0mm_Beaded</footprint>
      <libsource lib="Connector" part="TestPoint" description="test point"/>
      <property name="Sheetname" value=""/>
      <property name="Sheetfile" value="Rocketry_Payload_Main_DDR_Spec_V2.kicad_sch"/>
      <property name="ki_description" value="test point"/>
      <property name="ki_keywords" value="test point tp"/>
      <sheetpath names="/" tstamps="/"/>
      <tstamps>2ea52e53-25f9-45ca-b48b-41ebdb86a1a6</tstamps>
    </comp>
    <comp ref="TP3">
      <value>GND</value>
      <footprint>TestPoint:TestPoint_Loop_D1.80mm_Drill1.0mm_Beaded</footprint>
      <libsource lib="Connector" part="TestPoint" description="test point"/>
      <property name="Sheetname" value=""/>
      <property name="Sheetfile" value="Rocketry_Payload_Main_DDR_Spec_V2.kicad_sch"/>
      <property name="ki_description" value="test point"/>
      <property name="ki_keywords" value="test point tp"/>
      <sheetpath names="/" tstamps="/"/>
      <tstamps>45924abf-688b-48dd-b1af-12c774a90b00</tstamps>
    </comp>
    <comp ref="TP4">
      <value>12V_RAW</value>
      <footprint>TestPoint:TestPoint_Loop_D1.80mm_Drill1.0mm_Beaded</footprint>
      <libsource lib="Connector" part="TestPoint" description="test point"/>
      <property name="Sheetname" value=""/>
      <property name="Sheetfile" value="Rocketry_Payload_Main_DDR_Spec_V2.kicad_sch"/>
      <property name="ki_description" value="test point"/>
      <property name="ki_keywords" value="test point tp"/>
      <sheetpath names="/" tstamps="/"/>
      <tstamps>d84a41dd-ec57-49c5-851c-250610a8a8b1</tstamps>
    </comp>
    <comp ref="TP5">
      <value>12V_PROT</value>
      <footprint>TestPoint:TestPoint_Loop_D1.80mm_Drill1.0mm_Beaded</footprint>
      <libsource lib="Connector" part="TestPoint" description="test point"/>
      <property name="Sheetname" value=""/>
      <property name="Sheetfile" value="Rocketry_Payload_Main_DDR_Spec_V2.kicad_sch"/>
      <property name="ki_description" value="test point"/>
      <property name="ki_keywords" value="test point tp"/>
      <sheetpath names="/" tstamps="/"/>
      <tstamps>2e642338-40f0-466b-9bd1-e3a7916626c5</tstamps>
    </comp>
    <comp ref="TP6">
      <value>5V</value>
      <footprint>TestPoint:TestPoint_Loop_D1.80mm_Drill1.0mm_Beaded</footprint>
      <libsource lib="Connector" part="TestPoint" description="test point"/>
      <property name="Sheetname" value=""/>
      <property name="Sheetfile" value="Rocketry_Payload_Main_DDR_Spec_V2.kicad_sch"/>
      <property name="ki_description" value="test point"/>
      <property name="ki_keywords" value="test point tp"/>
      <sheetpath names="/" tstamps="/"/>
      <tstamps>bca34a1b-f73d-475d-b297-f647d33fd490</tstamps>
    </comp>
    <comp ref="U1">
      <value>VALVE MOSFET</value>
      <footprint>Package_TO_SOT_THT:TO-220-3_Vertical</footprint>
      <datasheet>https://www.digikey.com.au/en/products/detail/infineon-technologies/IRF530NPBF/811762</datasheet>
      <libsource lib="" part="Mosfet_IRF5305PbF_1" description=""/>
      <property name="Sheetname" value=""/>
      <property name="Sheetfile" value="Rocketry_Payload_Main_DDR_Spec_V2.kicad_sch"/>
      <sheetpath names="/" tstamps="/"/>
      <tstamps>8dc8893b-94cc-4dd4-8d24-06c3f7ea960d</tstamps>
    </comp>
    <comp ref="U2">
      <value>Teensy4.1</value>
      <footprint>teensy:Teensy41</footprint>
      <datasheet>https://www.pjrc.com/store/teensy41.html</datasheet>
      <libsource lib="teensy" part="Teensy4.1" description=""/>
      <property name="Sheetname" value=""/>
      <property name="Sheetfile" value="Rocketry_Payload_Main_DDR_Spec_V2.kicad_sch"/>
      <sheetpath names="/" tstamps="/"/>
      <tstamps>b91f20e7-b8dc-46be-b5a1-fadb24166415</tstamps>
    </comp>
    <comp ref="U3">
      <value>Branding_Block_Rocketry</value>
      <footprint>NU Teams Footprints:BRANDING_ROCKETRY</footprint>
      <libsource lib="NU-Teams-KiCAD-Library" part="Branding_Block_Rocketry" description=""/>
      <property name="Sheetname" value=""/>
      <property name="Sheetfile" value="Rocketry_Payload_Main_DDR_Spec_V2.kicad_sch"/>
      <sheetpath names="/" tstamps="/"/>
      <tstamps>2db2b300-ac60-4353-91cf-e20be2aa69fb</tstamps>
    </comp>
    <comp ref="U4">
      <value>BMP280_2</value>
      <footprint>NU Teams Footprints:microfit-2x02</footprint>
      <datasheet>https://core-electronics.com.au/pimoroni-bmp280-breakout-temperature-pressure-altitude-sensor.html</datasheet>
      <libsource lib="Sensors" part="Pimoroni_BMP280" description=""/>
      <property name="Sheetname" value=""/>
      <property name="Sheetfile" value="Rocketry_Payload_Main_DDR_Spec_V2.kicad_sch"/>
      <sheetpath names="/" tstamps="/"/>
      <tstamps>8f7b5469-4947-4d0e-bdd3-306a3a86176b</tstamps>
    </comp>
    <comp ref="U5">
      <value>Motor_Controller</value>
      <footprint>SPAC:JRK21V3</footprint>
      <libsource lib="Sensors" part="Motor_Controller" description=""/>
      <property name="Sheetname" value=""/>
      <property name="Sheetfile" value="Rocketry_Payload_Main_DDR_Spec_V2.kicad_sch"/>
      <sheetpath names="/" tstamps="/"/>
      <tstamps>f792d0cd-35bd-42fb-9c2e-bbc3583b1c5e</tstamps>
    </comp>
    <comp ref="U6">
      <value>BMP280_Backup</value>
      <footprint>Connector_PinHeader_2.54mm:PinHeader_1x05_P2.54mm_Vertical</footprint>
      <datasheet>https://core-electronics.com.au/pimoroni-bmp280-breakout-temperature-pressure-altitude-sensor.html</datasheet>
      <libsource lib="" part="Pimoroni_BMP280_1" description=""/>
      <property name="Sheetname" value=""/>
      <property name="Sheetfile" value="Rocketry_Payload_Main_DDR_Spec_V2.kicad_sch"/>
      <sheetpath names="/" tstamps="/"/>
      <tstamps>c4f26e75-28d4-4a91-8041-949a58b511e9</tstamps>
    </comp>
    <comp ref="U7">
      <value>LM7805_TO220</value>
      <footprint>Package_TO_SOT_THT:TO-220-3_Vertical</footprint>
      <datasheet>https://www.onsemi.cn/PowerSolutions/document/MC7800-D.PDF</datasheet>
      <libsource lib="Regulator_Linear" part="LM7805_TO220" description="Positive 1A 35V Linear Regulator, Fixed Output 5V, TO-220"/>
      <property name="Sheetname" value=""/>
      <property name="Sheetfile" value="Rocketry_Payload_Main_DDR_Spec_V2.kicad_sch"/>
      <property name="ki_description" value="Positive 1A 35V Linear Regulator, Fixed Output 5V, TO-220"/>
      <property name="ki_keywords" value="Voltage Regulator 1A Positive"/>
      <sheetpath names="/" tstamps="/"/>
      <tstamps>293354c8-078b-4cc4-b411-ad515a34fd9a</tstamps>
    </comp>
    <comp ref="U8">
      <value>ACTUATOR MOSFET</value>
      <footprint>Package_TO_SOT_THT:TO-220-3_Vertical</footprint>
      <datasheet>https://www.digikey.com.au/en/products/detail/infineon-technologies/IRF530NPBF/811762</datasheet>
      <libsource lib="" part="Mosfet_IRF5305PbF_1" description=""/>
      <property name="Sheetname" value=""/>
      <property name="Sheetfile" value="Rocketry_Payload_Main_DDR_Spec_V2.kicad_sch"/>
      <sheetpath names="/" tstamps="/"/>
      <tstamps>3df3af11-f12c-4ebd-b3db-3cbdbf658846</tstamps>
    </comp>
  </components>
  <libparts>
    <libpart lib="" part="Mosfet_IRF5305PbF_1">
      <docs>https://www.infineon.com/dgdl/irf540nspbf.pdf?fileId=5546d462533600a4015355e3a72819a3</docs>
      <fields>
        <field name="Reference">U6</field>
        <field name="Value">Mosfet Motor</field>
        <field name="Footprint">Package_TO_SOT_SMD:SOT-23-3</field>
        <field name="Datasheet">https://www.infineon.com/dgdl/irf540nspbf.pdf?fileId=5546d462533600a4015355e3a72819a3</field>
      </fields>
      <pins>
        <pin num="1" name="Gate" type="input"/>
        <pin num="2" name="Source" type="input"/>
        <pin num="3" name="Drain" type="input"/>
      </pins>
    </libpart>
    <libpart lib="" part="Pimoroni_BMP280_1">
      <docs>https://core-electronics.com.au/pimoroni-bmp280-breakout-temperature-pressure-altitude-sensor.html</docs>
      <fields>
        <field name="Reference">U6</field>
        <field name="Value">BMP280_Backup</field>
        <field name="Footprint">Connector_PinHeader_2.54mm:PinHeader_1x05_P2.54mm_Vertical</field>
        <field name="Datasheet">https://core-electronics.com.au/pimoroni-bmp280-breakout-temperature-pressure-altitude-sensor.html</field>
      </fields>
      <pins>
        <pin num="1" name="GND" type="input"/>
        <pin num="2" name="Cross" type="input"/>
        <pin num="3" name="SCL" type="input"/>
        <pin num="4" name="SDA" type="input"/>
        <pin num="5" name="Vin_2-6V" type="input"/>
      </pins>
    </libpart>
    <libpart lib="" part="microbuilder_BMP388_1">
      <fields>
        <field name="Reference">IC2</field>
        <field name="Value">BMP388</field>
        <field name="Footprint">Package_LGA:ST_HLGA-10_2x2mm_P0.5mm_LayoutBorder3x2y</field>
      </fields>
      <pins>
        <pin num="1" name="VDDIO" type="power_in"/>
        <pin num="2" name="SCK" type="input"/>
        <pin num="3" name="Vss" type="input"/>
        <pin num="4" name="SDI" type="input"/>
        <pin num="5" name="SDO" type="output"/>
        <pin num="6" name="CSB" type="input"/>
        <pin num="7" name="INT" type="output"/>
        <pin num="8" name="Vss" type="input"/>
        <pin num="9" name="Vss" type="input"/>
        <pin num="10" name="VDD" type="power_in"/>
      </pins>
    </libpart>
    <libpart lib="BSPD-rescue" part="CP1_Small-Device">
      <footprints>
        <fp>CP_*</fp>
      </footprints>
      <fields>
        <field name="Reference">C</field>
        <field name="Value">CP1_Small-Device</field>
      </fields>
      <pins>
        <pin num="1" name="" type="passive"/>
        <pin num="2" name="" type="passive"/>
      </pins>
    </libpart>
    <libpart lib="Connector" part="Screw_Terminal_01x02">
      <description>Generic screw terminal, single row, 01x02, script generated (kicad-library-utils/schlib/autogen/connector/)</description>
      <docs>~</docs>
      <footprints>
        <fp>TerminalBlock*:*</fp>
      </footprints>
      <fields>
        <field name="Reference">J</field>
        <field name="Value">Screw_Terminal_01x02</field>
        <field name="Datasheet">~</field>
      </fields>
      <pins>
        <pin num="1" name="Pin_1" type="passive"/>
        <pin num="2" name="Pin_2" type="passive"/>
      </pins>
    </libpart>
    <libpart lib="Connector" part="TestPoint">
      <description>test point</description>
      <docs>~</docs>
      <footprints>
        <fp>Pin*</fp>
        <fp>Test*</fp>
      </footprints>
      <fields>
        <field name="Reference">TP</field>
        <field name="Value">TestPoint</field>
        <field name="Datasheet">~</field>
      </fields>
      <pins>
        <pin num="1" name="1" type="passive"/>
      </pins>
    </libpart>
    <libpart lib="Device" part="C">
      <description>Unpolarized capacitor</description>
      <docs>~</docs>
      <footprints>
        <fp>C_*</fp>
      </footprints>
      <fields>
        <field name="Reference">C</field>
        <field name="Value">C</field>
        <field name="Datasheet">~</field>
      </fields>
      <pins>
        <pin num="1" name="" type="passive"/>
        <pin num="2" name="" type="passive"/>
      </pins>
    </libpart>
    <libpart lib="Device" part="D">
      <description>Diode</description>
      <docs>~</docs>
      <footprints>
        <fp>TO-???*</fp>
        <fp>*_Diode_*</fp>
        <fp>*SingleDiode*</fp>
        <fp>D_*</fp>
      </footprints>
      <fields>
        <field name="Reference">D</field>
        <field name="Value">D</field>
        <field name="Datasheet">~</field>
        <field name="Sim.Device">D</field>
        <field name="Sim.Pins">1=K 2=A</field>
      </fields>
      <pins>
        <pin num="1" name="K" type="passive"/>
        <pin num="2" name="A" type="passive"/>
      </pins>
    </libpart>
    <libpart lib="Device" part="D_Zener">
      <description>Zener diode</description>
      <docs>~</docs>
      <footprints>
        <fp>TO-???*</fp>
        <fp>*_Diode_*</fp>
        <fp>*SingleDiode*</fp>
        <fp>D_*</fp>
      </footprints>
      <fields>
        <field name="Reference">D</field>
        <field name="Value">D_Zener</field>
        <field name="Datasheet">~</field>
      </fields>
      <pins>
        <pin num="1" name="K" type="passive"/>
        <pin num="2" name="A" type="passive"/>
      </pins>
    </libpart>
    <libpart lib="Device" part="Fuse_Small">
      <description>Fuse, small symbol</description>
      <docs>~</docs>
      <footprints>
        <fp>*Fuse*</fp>
      </footprints>
      <fields>
        <field name="Reference">F</field>
        <field name="Value">Fuse_Small</field>
        <field name="Datasheet">~</field>
      </fields>
      <pins>
        <pin num="1" name="" type="passive"/>
        <pin num="2" name="" type="passive"/>
      </pins>
    </libpart>
    <libpart lib="Device" part="LED">
      <description>Light emitting diode</description>
      <docs>~</docs>
      <footprints>
        <fp>LED*</fp>
        <fp>LED_SMD:*</fp>
        <fp>LED_THT:*</fp>
      </footprints>
      <fields>
        <field name="Reference">D</field>
        <field name="Value">LED</field>
        <field name="Datasheet">~</field>
      </fields>
      <pins>
        <pin num="1" name="K" type="passive"/>
        <pin num="2" name="A" type="passive"/>
      </pins>
    </libpart>
    <libpart lib="Device" part="R">
      <description>Resistor</description>
      <docs>~</docs>
      <footprints>
        <fp>R_*</fp>
      </footprints>
      <fields>
        <field name="Reference">R</field>
        <field name="Value">R</field>
        <field name="Datasheet">~</field>
      </fields>
      <pins>
        <pin num="1" name="" type="passive"/>
        <pin num="2" name="" type="passive"/>
      </pins>
    </libpart>
    <libpart lib="NU-Teams-KiCAD-Library" part="Branding_Block_Rocketry">
      <fields>
        <field name="Reference">U</field>
        <field name="Value">Branding_Block_Rocketry</field>
        <field name="Footprint">NU-Teams-KiCAD-Library:RACING_BRANDING</field>
      </fields>
    </libpart>
    <libpart lib="Regulator_Linear" part="LM7805_TO220">
      <description>Positive 1A 35V Linear Regulator, Fixed Output 5V, TO-220</description>
      <docs>https://www.onsemi.cn/PowerSolutions/document/MC7800-D.PDF</docs>
      <footprints>
        <fp>TO?220*</fp>
      </footprints>
      <fields>
        <field name="Reference">U</field>
        <field name="Value">LM7805_TO220</field>
        <field name="Footprint">Package_TO_SOT_THT:TO-220-3_Vertical</field>
        <field name="Datasheet">https://www.onsemi.cn/PowerSolutions/document/MC7800-D.PDF</field>
      </fields>
      <pins>
        <pin num="1" name="VI" type="power_in"/>
        <pin num="2" name="GND" type="power_in"/>
        <pin num="3" name="VO" type="power_out"/>
      </pins>
    </libpart>
    <libpart lib="Rocketry_Payload_Main-eagle-import" part="microbuilder_SOLDERJUMPER">
      <fields>
        <field name="Reference">SJ</field>
        <field name="Footprint">Rocketry_Payload_Main:SOLDERJUMPER_ARROW_NOPASTE</field>
      </fields>
      <pins>
        <pin num="1" name="1" type="passive"/>
        <pin num="2" name="2" type="passive"/>
      </pins>
    </libpart>
    <libpart lib="Sensors" part="MiniMolex">
      <fields>
        <field name="Reference">J2</field>
        <field name="Value">~</field>
        <field name="Footprint">Connector_Molex:Molex_Mini-Fit_Jr_5566-04A_2x02_P4.20mm_Vertical</field>
      </fields>
      <pins>
        <pin num="1" name="1" type="input"/>
        <pin num="2" name="2" type="input"/>
        <pin num="3" name="3" type="input"/>
        <pin num="4" name="4" type="input"/>
      </pins>
    </libpart>
    <libpart lib="Sensors" part="Motor_Controller">
      <fields>
        <field name="Reference">U4</field>
        <field name="Value">Motor_Controller</field>
        <field name="Footprint">SPAC:JRK21V3</field>
      </fields>
      <pins>
        <pin num="1" name="ERR" type="input"/>
        <pin num="2" name="RST" type="input"/>
        <pin num="3" name="SCL" type="input"/>
        <pin num="4" name="SDA/AN" type="input"/>
        <pin num="5" name="GND" type="input"/>
        <pin num="6" name="TX" type="input"/>
        <pin num="7" name="RX" type="input"/>
        <pin num="8" name="RC" type="input"/>
        <pin num="9" name="5V" type="input"/>
        <pin num="10" name="GND" type="input"/>
        <pin num="11" name="GND" type="input"/>
        <pin num="12" name="POT" type="input"/>
        <pin num="13" name="GND_DNU" type="input"/>
        <pin num="14" name="VM_DNU" type="input"/>
        <pin num="15" name="GND_DNU" type="input"/>
        <pin num="17" name="5V" type="input"/>
        <pin num="18" name="AUX" type="input"/>
        <pin num="19" name="FBT" type="input"/>
        <pin num="20" name="FBA" type="input"/>
        <pin num="25" name="VIN" type="input"/>
        <pin num="26" name="GND" type="input"/>
        <pin num="27" name="OUTA" type="input"/>
        <pin num="28" name="OUTB" type="input"/>
      </pins>
    </libpart>
    <libpart lib="Sensors" part="Pimoroni_BMP280">
      <fields>
        <field name="Reference">U3</field>
        <field name="Value">BMP280_2</field>
        <field name="Footprint">Connector_Molex:Molex_Mini-Fit_Jr_5566-04A_2x02_P4.20mm_Vertical</field>
      </fields>
      <pins>
        <pin num="" name="Cross" type="input"/>
        <pin num="1" name="GND" type="input"/>
        <pin num="2" name="Vin_2-6V" type="input"/>
        <pin num="3" name="SCL" type="input"/>
        <pin num="4" name="SDA" type="input"/>
      </pins>
    </libpart>
    <libpart lib="teensy" part="Teensy4.1">
      <fields>
        <field name="Reference">U</field>
        <field name="Value">Teensy4.1</field>
      </fields>
      <pins>
        <pin num="1" name="GND" type="power_in"/>
        <pin num="2" name="0_RX1_CRX2_CS1" type="bidirectional"/>
        <pin num="3" name="1_TX1_CTX2_MISO1" type="bidirectional"/>
        <pin num="4" name="2_OUT2" type="bidirectional"/>
        <pin num="5" name="3_LRCLK2" type="bidirectional"/>
        <pin num="6" name="4_BCLK2" type="bidirectional"/>
        <pin num="7" name="5_IN2" type="bidirectional"/>
        <pin num="8" name="6_OUT1D" type="bidirectional"/>
        <pin num="9" name="7_RX2_OUT1A" type="bidirectional"/>
        <pin num="10" name="8_TX2_IN1" type="bidirectional"/>
        <pin num="11" name="9_OUT1C" type="bidirectional"/>
        <pin num="12" name="10_CS_MQSR" type="bidirectional"/>
        <pin num="13" name="11_MOSI_CTX1" type="bidirectional"/>
        <pin num="14" name="12_MISO_MQSL" type="bidirectional"/>
        <pin num="15" name="3V3" type="power_in"/>
        <pin num="16" name="24_A10_TX6_SCL2" type="bidirectional"/>
        <pin num="17" name="25_A11_RX6_SDA2" type="bidirectional"/>
        <pin num="18" name="26_A12_MOSI1" type="bidirectional"/>
        <pin num="19" name="27_A13_SCK1" type="bidirectional"/>
        <pin num="20" name="28_RX7" type="bidirectional"/>
        <pin num="21" name="29_TX7" type="bidirectional"/>
        <pin num="22" name="30_CRX3" type="bidirectional"/>
        <pin num="23" name="31_CTX3" type="bidirectional"/>
        <pin num="24" name="32_OUT1B" type="bidirectional"/>
        <pin num="25" name="33_MCLK2" type="bidirectional"/>
        <pin num="26" name="34_RX8" type="bidirectional"/>
        <pin num="27" name="35_TX8" type="bidirectional"/>
        <pin num="28" name="36_CS" type="bidirectional"/>
        <pin num="29" name="37_CS" type="bidirectional"/>
        <pin num="30" name="38_CS1_IN1" type="bidirectional"/>
        <pin num="31" name="39_MISO1_OUT1A" type="bidirectional"/>
        <pin num="32" name="40_A16" type="bidirectional"/>
        <pin num="33" name="41_A17" type="bidirectional"/>
        <pin num="34" name="GND" type="power_in"/>
        <pin num="35" name="13_SCK_LED" type="bidirectional"/>
        <pin num="36" name="14_A0_TX3_SPDIF_OUT" type="bidirectional"/>
        <pin num="37" name="15_A1_RX3_SPDIF_IN" type="bidirectional"/>
        <pin num="38" name="16_A2_RX4_SCL1" type="bidirectional"/>
        <pin num="39" name="17_A3_TX4_SDA1" type="bidirectional"/>
        <pin num="40" name="18_A4_SDA" type="bidirectional"/>
        <pin num="41" name="19_A5_SCL" type="bidirectional"/>
        <pin num="42" name="20_A6_TX5_LRCLK1" type="bidirectional"/>
        <pin num="43" name="21_A7_RX5_BCLK1" type="bidirectional"/>
        <pin num="44" name="22_A8_CTX1" type="bidirectional"/>
        <pin num="45" name="23_A9_CRX1_MCLK1" type="bidirectional"/>
        <pin num="46" name="3V3" type="output"/>
        <pin num="47" name="GND" type="output"/>
        <pin num="48" name="VIN" type="power_in"/>
        <pin num="49" name="VUSB" type="power_out"/>
        <pin num="50" name="VBAT" type="power_in"/>
        <pin num="51" name="3V3" type="power_in"/>
        <pin num="52" name="GND" type="input"/>
        <pin num="53" name="PROGRAM" type="input"/>
        <pin num="54" name="ON_OFF" type="input"/>
        <pin num="55" name="5V" type="power_out"/>
        <pin num="56" name="D-" type="bidirectional"/>
        <pin num="57" name="D+" type="bidirectional"/>
        <pin num="58" name="GND" type="power_in"/>
        <pin num="59" name="GND" type="power_in"/>
        <pin num="60" name="R+" type="bidirectional"/>
        <pin num="61" name="LED" type="bidirectional"/>
        <pin num="62" name="T-" type="bidirectional"/>
        <pin num="63" name="T+" type="bidirectional"/>
        <pin num="64" name="GND" type="power_in"/>
        <pin num="65" name="R-" type="bidirectional"/>
        <pin num="66" name="D-" type="bidirectional"/>
        <pin num="67" name="D+" type="bidirectional"/>
      </pins>
    </libpart>
  </libparts>
  <libraries>
    <library logical="Connector">
      <uri>C:\Program Files\KiCad\7.0\share\kicad\symbols\/Connector.kicad_sym</uri>
    </library>
    <library logical="Device">
      <uri>C:\Program Files\KiCad\7.0\share\kicad\symbols\/Device.kicad_sym</uri>
    </library>
    <library logical="Regulator_Linear">
      <uri>C:\Program Files\KiCad\7.0\share\kicad\symbols\/Regulator_Linear.kicad_sym</uri>
    </library>
    <library logical="Sensors">
      <uri>C:/Users/jackf/OneDrive/Documents/KiCad/7.0/symbols/teensy_library-master/Sensors.kicad_sym</uri>
    </library>
    <library logical="teensy">
      <uri>C:/Users/jackf/OneDrive/Documents/KiCad/7.0/symbols/teensy_library-master/teensy.lib</uri>
    </library>
  </libraries>
  <nets>
    <net code="1" name="/0">
      <node ref="D1" pin="2" pinfunction="A" pintype="passive"/>
      <node ref="U2" pin="2" pinfunction="0_RX1_CRX2_CS1" pintype="bidirectional"/>
    </net>
    <net code="2" name="/1">
      <node ref="D2" pin="2" pinfunction="A" pintype="passive"/>
      <node ref="U2" pin="3" pinfunction="1_TX1_CTX2_MISO1" pintype="bidirectional"/>
    </net>
    <net code="3" name="/2">
      <node ref="D3" pin="2" pinfunction="A" pintype="passive"/>
      <node ref="U2" pin="4" pinfunction="2_OUT2" pintype="bidirectional"/>
      <node ref="U8" pin="1" pinfunction="Gate" pintype="input"/>
    </net>
    <net code="4" name="/3">
      <node ref="D4" pin="2" pinfunction="A" pintype="passive"/>
      <node ref="U1" pin="1" pinfunction="Gate" pintype="input"/>
      <node ref="U2" pin="5" pinfunction="3_LRCLK2" pintype="bidirectional"/>
    </net>
    <net code="5" name="/3.3V">
      <node ref="C1" pin="1" pintype="passive"/>
      <node ref="IC1" pin="10" pinfunction="VDD" pintype="power_in"/>
      <node ref="TP2" pin="1" pinfunction="1" pintype="passive"/>
      <node ref="U2" pin="46" pinfunction="3V3" pintype="output"/>
      <node ref="U4" pin="2" pinfunction="Vin_2-6V" pintype="input"/>
      <node ref="U6" pin="5" pinfunction="Vin_2-6V" pintype="input"/>
    </net>
    <net code="6" name="/SCK{slash}SCL">
      <node ref="IC1" pin="2" pinfunction="SCK" pintype="input"/>
      <node ref="R3" pin="1" pintype="passive"/>
      <node ref="U2" pin="41" pinfunction="19_A5_SCL" pintype="bidirectional"/>
      <node ref="U4" pin="4" pinfunction="SDA" pintype="input"/>
      <node ref="U6" pin="4" pinfunction="SDA" pintype="input"/>
    </net>
    <net code="7" name="/SCL2">
      <node ref="U2" pin="16" pinfunction="24_A10_TX6_SCL2" pintype="bidirectional"/>
      <node ref="U5" pin="4" pinfunction="SDA/AN" pintype="input"/>
    </net>
    <net code="8" name="/SDA2">
      <node ref="U2" pin="17" pinfunction="25_A11_RX6_SDA2" pintype="bidirectional"/>
      <node ref="U5" pin="3" pinfunction="SCL" pintype="input"/>
    </net>
    <net code="9" name="/SDI{slash}SDA">
      <node ref="IC1" pin="4" pinfunction="SDI" pintype="input"/>
      <node ref="R2" pin="1" pintype="passive"/>
      <node ref="U2" pin="40" pinfunction="18_A4_SDA" pintype="bidirectional"/>
      <node ref="U4" pin="3" pinfunction="SCL" pintype="input"/>
      <node ref="U6" pin="3" pinfunction="SCL" pintype="input"/>
    </net>
    <net code="10" name="/Test_Pin">
      <node ref="R4" pin="2" pintype="passive"/>
      <node ref="R5" pin="1" pintype="passive"/>
      <node ref="U2" pin="19" pinfunction="27_A13_SCK1" pintype="bidirectional"/>
    </net>
    <net code="11" name="/VDDIO">
      <node ref="C2" pin="2" pintype="passive"/>
      <node ref="IC1" pin="1" pinfunction="VDDIO" pintype="power_in"/>
      <node ref="IC1" pin="6" pinfunction="CSB" pintype="input"/>
      <node ref="R2" pin="2" pintype="passive"/>
      <node ref="R3" pin="2" pintype="passive"/>
    </net>
    <net code="12" name="5V">
      <node ref="C3" pin="1" pintype="passive"/>
      <node ref="C5" pin="1" pintype="passive"/>
      <node ref="D10" pin="2" pinfunction="A" pintype="passive"/>
      <node ref="SJ2" pin="2" pinfunction="2" pintype="passive"/>
      <node ref="TP6" pin="1" pinfunction="1" pintype="passive"/>
      <node ref="U1" pin="2" pinfunction="Source" pintype="input"/>
      <node ref="U2" pin="48" pinfunction="VIN" pintype="power_in"/>
      <node ref="U7" pin="3" pinfunction="VO" pintype="power_out"/>
    </net>
    <net code="13" name="12V_PROT">
      <node ref="C4" pin="1" pintype="passive"/>
      <node ref="D9" pin="2" pinfunction="A" pintype="passive"/>
      <node ref="F1" pin="2" pintype="passive"/>
      <node ref="TP5" pin="1" pinfunction="1" pintype="passive"/>
      <node ref="U7" pin="1" pinfunction="VI" pintype="power_in"/>
    </net>
    <net code="14" name="12V_RAW">
      <node ref="C6" pin="1" pintype="passive"/>
      <node ref="COMMISIONING_PWR1" pin="2" pinfunction="Pin_2" pintype="passive"/>
      <node ref="D7" pin="2" pinfunction="A" pintype="passive"/>
      <node ref="D8" pin="2" pinfunction="A" pintype="passive"/>
      <node ref="TP4" pin="1" pinfunction="1" pintype="passive"/>
      <node ref="U5" pin="25" pinfunction="VIN" pintype="input"/>
    </net>
    <net code="15" name="GND">
      <node ref="C1" pin="2" pintype="passive"/>
      <node ref="C2" pin="1" pintype="passive"/>
      <node ref="C3" pin="2" pintype="passive"/>
      <node ref="C4" pin="2" pintype="passive"/>
      <node ref="C5" pin="2" pintype="passive"/>
      <node ref="C6" pin="2" pintype="passive"/>
      <node ref="COMMISIONING_PWR1" pin="1" pinfunction="Pin_1" pintype="passive"/>
      <node ref="D5" pin="2" pinfunction="A" pintype="passive"/>
      <node ref="D6" pin="1" pinfunction="K" pintype="passive"/>
      <node ref="IC1" pin="3" pinfunction="Vss" pintype="input"/>
      <node ref="IC1" pin="8" pinfunction="Vss" pintype="input"/>
      <node ref="IC1" pin="9" pinfunction="Vss" pintype="input"/>
      <node ref="J1" pin="1" pinfunction="Pin_1" pintype="passive"/>
      <node ref="R1" pin="2" pintype="passive"/>
      <node ref="R6" pin="2" pintype="passive"/>
      <node ref="R7" pin="2" pintype="passive"/>
      <node ref="R8" pin="2" pintype="passive"/>
      <node ref="SJ1" pin="2" pinfunction="2" pintype="passive"/>
      <node ref="TP3" pin="1" pinfunction="1" pintype="passive"/>
      <node ref="U2" pin="1" pinfunction="GND" pintype="power_in"/>
      <node ref="U2" pin="34" pinfunction="GND" pintype="power_in"/>
      <node ref="U2" pin="47" pinfunction="GND" pintype="output"/>
      <node ref="U4" pin="1" pinfunction="GND" pintype="input"/>
      <node ref="U5" pin="10" pinfunction="GND" pintype="input"/>
      <node ref="U5" pin="26" pinfunction="GND" pintype="input"/>
      <node ref="U5" pin="5" pinfunction="GND" pintype="input"/>
      <node ref="U6" pin="1" pinfunction="GND" pintype="input"/>
      <node ref="U7" pin="2" pinfunction="GND" pintype="power_in"/>
    </net>
    <net code="16" name="Net-(D1-K)">
      <node ref="D1" pin="1" pinfunction="K" pintype="passive"/>
      <node ref="D2" pin="1" pinfunction="K" pintype="passive"/>
      <node ref="D3" pin="1" pinfunction="K" pintype="passive"/>
      <node ref="D4" pin="1" pinfunction="K" pintype="passive"/>
      <node ref="R1" pin="1" pintype="passive"/>
    </net>
    <net code="17" name="Net-(D5-K)">
      <node ref="D5" pin="1" pinfunction="K" pintype="passive"/>
      <node ref="J1" pin="2" pinfunction="Pin_2" pintype="passive"/>
      <node ref="U1" pin="3" pinfunction="Drain" pintype="input"/>
    </net>
    <net code="18" name="Net-(D6-A)">
      <node ref="D6" pin="2" pinfunction="A" pintype="passive"/>
      <node ref="R5" pin="2" pintype="passive"/>
    </net>
    <net code="19" name="Net-(D7-K)">
      <node ref="D7" pin="1" pinfunction="K" pintype="passive"/>
      <node ref="R6" pin="1" pintype="passive"/>
    </net>
    <net code="20" name="Net-(D8-K)">
      <node ref="D8" pin="1" pinfunction="K" pintype="passive"/>
      <node ref="F1" pin="1" pintype="passive"/>
    </net>
    <net code="21" name="Net-(D9-K)">
      <node ref="D9" pin="1" pinfunction="K" pintype="passive"/>
      <node ref="R7" pin="1" pintype="passive"/>
    </net>
    <net code="22" name="Net-(D10-K)">
      <node ref="D10" pin="1" pinfunction="K" pintype="passive"/>
      <node ref="R8" pin="1" pintype="passive"/>
    </net>
    <net code="23" name="Net-(IC1-SDO)">
      <node ref="IC1" pin="5" pinfunction="SDO" pintype="output"/>
      <node ref="SJ1" pin="1" pinfunction="1" pintype="passive"/>
    </net>
    <net code="24" name="Net-(J3-Pin_1)">
      <node ref="J3" pin="1" pinfunction="Pin_1" pintype="passive"/>
      <node ref="U8" pin="3" pinfunction="Drain" pintype="input"/>
    </net>
    <net code="25" name="Net-(J3-Pin_2)">
      <node ref="J3" pin="2" pinfunction="Pin_2" pintype="passive"/>
      <node ref="U5" pin="28" pinfunction="OUTB" pintype="input"/>
    </net>
    <net code="26" name="Net-(R4-Pad1)">
      <node ref="R4" pin="1" pintype="passive"/>
      <node ref="SJ2" pin="1" pinfunction="1" pintype="passive"/>
    </net>
    <net code="27" name="Net-(U5-AUX)">
      <node ref="J2" pin="3" pinfunction="3" pintype="input"/>
      <node ref="U5" pin="18" pinfunction="AUX" pintype="input"/>
    </net>
    <net code="28" name="Net-(U5-FBA)">
      <node ref="J2" pin="2" pinfunction="2" pintype="input"/>
      <node ref="U5" pin="20" pinfunction="FBA" pintype="input"/>
    </net>
    <net code="29" name="Net-(U5-OUTA)">
      <node ref="U5" pin="27" pinfunction="OUTA" pintype="input"/>
      <node ref="U8" pin="2" pinfunction="Source" pintype="input"/>
    </net>
    <net code="30" name="Net-(U5-POT)">
      <node ref="J2" pin="1" pinfunction="1" pintype="input"/>
      <node ref="U5" pin="12" pinfunction="POT" pintype="input"/>
    </net>
    <net code="31" name="unconnected-(IC1-INT-Pad7)">
      <node ref="IC1" pin="7" pinfunction="INT" pintype="output+no_connect"/>
    </net>
    <net code="32" name="unconnected-(J2-Pad4)">
      <node ref="J2" pin="4" pinfunction="4" pintype="input+no_connect"/>
    </net>
    <net code="33" name="unconnected-(U2-3V3-Pad15)">
      <node ref="U2" pin="15" pinfunction="3V3" pintype="power_in+no_connect"/>
    </net>
    <net code="34" name="unconnected-(U2-3V3-Pad51)">
      <node ref="U2" pin="51" pinfunction="3V3" pintype="power_in+no_connect"/>
    </net>
    <net code="35" name="unconnected-(U2-4_BCLK2-Pad6)">
      <node ref="U2" pin="6" pinfunction="4_BCLK2" pintype="bidirectional+no_connect"/>
    </net>
    <net code="36" name="unconnected-(U2-5V-Pad55)">
      <node ref="U2" pin="55" pinfunction="5V" pintype="power_out+no_connect"/>
    </net>
    <net code="37" name="unconnected-(U2-5_IN2-Pad7)">
      <node ref="U2" pin="7" pinfunction="5_IN2" pintype="bidirectional+no_connect"/>
    </net>
    <net code="38" name="unconnected-(U2-6_OUT1D-Pad8)">
      <node ref="U2" pin="8" pinfunction="6_OUT1D" pintype="bidirectional+no_connect"/>
    </net>
    <net code="39" name="unconnected-(U2-7_RX2_OUT1A-Pad9)">
      <node ref="U2" pin="9" pinfunction="7_RX2_OUT1A" pintype="bidirectional+no_connect"/>
    </net>
    <net code="40" name="unconnected-(U2-8_TX2_IN1-Pad10)">
      <node ref="U2" pin="10" pinfunction="8_TX2_IN1" pintype="bidirectional+no_connect"/>
    </net>
    <net code="41" name="unconnected-(U2-9_OUT1C-Pad11)">
      <node ref="U2" pin="11" pinfunction="9_OUT1C" pintype="bidirectional+no_connect"/>
    </net>
    <net code="42" name="unconnected-(U2-10_CS_MQSR-Pad12)">
      <node ref="U2" pin="12" pinfunction="10_CS_MQSR" pintype="bidirectional+no_connect"/>
    </net>
    <net code="43" name="unconnected-(U2-11_MOSI_CTX1-Pad13)">
      <node ref="U2" pin="13" pinfunction="11_MOSI_CTX1" pintype="bidirectional+no_connect"/>
    </net>
    <net code="44" name="unconnected-(U2-12_MISO_MQSL-Pad14)">
      <node ref="U2" pin="14" pinfunction="12_MISO_MQSL" pintype="bidirectional+no_connect"/>
    </net>
    <net code="45" name="unconnected-(U2-13_SCK_LED-Pad35)">
      <node ref="U2" pin="35" pinfunction="13_SCK_LED" pintype="bidirectional+no_connect"/>
    </net>
    <net code="46" name="unconnected-(U2-14_A0_TX3_SPDIF_OUT-Pad36)">
      <node ref="U2" pin="36" pinfunction="14_A0_TX3_SPDIF_OUT" pintype="bidirectional+no_connect"/>
    </net>
    <net code="47" name="unconnected-(U2-15_A1_RX3_SPDIF_IN-Pad37)">
      <node ref="U2" pin="37" pinfunction="15_A1_RX3_SPDIF_IN" pintype="bidirectional+no_connect"/>
    </net>
    <net code="48" name="unconnected-(U2-16_A2_RX4_SCL1-Pad38)">
      <node ref="U2" pin="38" pinfunction="16_A2_RX4_SCL1" pintype="bidirectional+no_connect"/>
    </net>
    <net code="49" name="unconnected-(U2-17_A3_TX4_SDA1-Pad39)">
      <node ref="U2" pin="39" pinfunction="17_A3_TX4_SDA1" pintype="bidirectional+no_connect"/>
    </net>
    <net code="50" name="unconnected-(U2-20_A6_TX5_LRCLK1-Pad42)">
      <node ref="U2" pin="42" pinfunction="20_A6_TX5_LRCLK1" pintype="bidirectional+no_connect"/>
    </net>
    <net code="51" name="unconnected-(U2-21_A7_RX5_BCLK1-Pad43)">
      <node ref="U2" pin="43" pinfunction="21_A7_RX5_BCLK1" pintype="bidirectional+no_connect"/>
    </net>
    <net code="52" name="unconnected-(U2-22_A8_CTX1-Pad44)">
      <node ref="U2" pin="44" pinfunction="22_A8_CTX1" pintype="bidirectional+no_connect"/>
    </net>
    <net code="53" name="unconnected-(U2-23_A9_CRX1_MCLK1-Pad45)">
      <node ref="U2" pin="45" pinfunction="23_A9_CRX1_MCLK1" pintype="bidirectional+no_connect"/>
    </net>
    <net code="54" name="unconnected-(U2-26_A12_MOSI1-Pad18)">
      <node ref="U2" pin="18" pinfunction="26_A12_MOSI1" pintype="bidirectional+no_connect"/>
    </net>
    <net code="55" name="unconnected-(U2-28_RX7-Pad20)">
      <node ref="U2" pin="20" pinfunction="28_RX7" pintype="bidirectional+no_connect"/>
    </net>
    <net code="56" name="unconnected-(U2-29_TX7-Pad21)">
      <node ref="U2" pin="21" pinfunction="29_TX7" pintype="bidirectional+no_connect"/>
    </net>
    <net code="57" name="unconnected-(U2-30_CRX3-Pad22)">
      <node ref="U2" pin="22" pinfunction="30_CRX3" pintype="bidirectional+no_connect"/>
    </net>
    <net code="58" name="unconnected-(U2-31_CTX3-Pad23)">
      <node ref="U2" pin="23" pinfunction="31_CTX3" pintype="bidirectional+no_connect"/>
    </net>
    <net code="59" name="unconnected-(U2-32_OUT1B-Pad24)">
      <node ref="U2" pin="24" pinfunction="32_OUT1B" pintype="bidirectional+no_connect"/>
    </net>
    <net code="60" name="unconnected-(U2-33_MCLK2-Pad25)">
      <node ref="U2" pin="25" pinfunction="33_MCLK2" pintype="bidirectional+no_connect"/>
    </net>
    <net code="61" name="unconnected-(U2-34_RX8-Pad26)">
      <node ref="U2" pin="26" pinfunction="34_RX8" pintype="bidirectional+no_connect"/>
    </net>
    <net code="62" name="unconnected-(U2-35_TX8-Pad27)">
      <node ref="U2" pin="27" pinfunction="35_TX8" pintype="bidirectional+no_connect"/>
    </net>
    <net code="63" name="unconnected-(U2-36_CS-Pad28)">
      <node ref="U2" pin="28" pinfunction="36_CS" pintype="bidirectional+no_connect"/>
    </net>
    <net code="64" name="unconnected-(U2-37_CS-Pad29)">
      <node ref="U2" pin="29" pinfunction="37_CS" pintype="bidirectional+no_connect"/>
    </net>
    <net code="65" name="unconnected-(U2-38_CS1_IN1-Pad30)">
      <node ref="U2" pin="30" pinfunction="38_CS1_IN1" pintype="bidirectional+no_connect"/>
    </net>
    <net code="66" name="unconnected-(U2-39_MISO1_OUT1A-Pad31)">
      <node ref="U2" pin="31" pinfunction="39_MISO1_OUT1A" pintype="bidirectional+no_connect"/>
    </net>
    <net code="67" name="unconnected-(U2-40_A16-Pad32)">
      <node ref="U2" pin="32" pinfunction="40_A16" pintype="bidirectional+no_connect"/>
    </net>
    <net code="68" name="unconnected-(U2-41_A17-Pad33)">
      <node ref="U2" pin="33" pinfunction="41_A17" pintype="bidirectional+no_connect"/>
    </net>
    <net code="69" name="unconnected-(U2-D+-Pad57)">
      <node ref="U2" pin="57" pinfunction="D+" pintype="bidirectional+no_connect"/>
    </net>
    <net code="70" name="unconnected-(U2-D+-Pad67)">
      <node ref="U2" pin="67" pinfunction="D+" pintype="bidirectional+no_connect"/>
    </net>
    <net code="71" name="unconnected-(U2-D--Pad56)">
      <node ref="U2" pin="56" pinfunction="D-" pintype="bidirectional+no_connect"/>
    </net>
    <net code="72" name="unconnected-(U2-D--Pad66)">
      <node ref="U2" pin="66" pinfunction="D-" pintype="bidirectional+no_connect"/>
    </net>
    <net code="73" name="unconnected-(U2-GND-Pad52)">
      <node ref="U2" pin="52" pinfunction="GND" pintype="input+no_connect"/>
    </net>
    <net code="74" name="unconnected-(U2-GND-Pad58)">
      <node ref="U2" pin="58" pinfunction="GND" pintype="power_in+no_connect"/>
    </net>
    <net code="75" name="unconnected-(U2-GND-Pad59)">
      <node ref="U2" pin="59" pinfunction="GND" pintype="power_in+no_connect"/>
    </net>
    <net code="76" name="unconnected-(U2-GND-Pad64)">
      <node ref="U2" pin="64" pinfunction="GND" pintype="power_in+no_connect"/>
    </net>
    <net code="77" name="unconnected-(U2-LED-Pad61)">
      <node ref="U2" pin="61" pinfunction="LED" pintype="bidirectional+no_connect"/>
    </net>
    <net code="78" name="unconnected-(U2-ON_OFF-Pad54)">
      <node ref="U2" pin="54" pinfunction="ON_OFF" pintype="input+no_connect"/>
    </net>
    <net code="79" name="unconnected-(U2-PROGRAM-Pad53)">
      <node ref="U2" pin="53" pinfunction="PROGRAM" pintype="input+no_connect"/>
    </net>
    <net code="80" name="unconnected-(U2-R+-Pad60)">
      <node ref="U2" pin="60" pinfunction="R+" pintype="bidirectional+no_connect"/>
    </net>
    <net code="81" name="unconnected-(U2-R--Pad65)">
      <node ref="U2" pin="65" pinfunction="R-" pintype="bidirectional+no_connect"/>
    </net>
    <net code="82" name="unconnected-(U2-T+-Pad63)">
      <node ref="U2" pin="63" pinfunction="T+" pintype="bidirectional+no_connect"/>
    </net>
    <net code="83" name="unconnected-(U2-T--Pad62)">
      <node ref="U2" pin="62" pinfunction="T-" pintype="bidirectional+no_connect"/>
    </net>
    <net code="84" name="unconnected-(U2-VBAT-Pad50)">
      <node ref="U2" pin="50" pinfunction="VBAT" pintype="power_in+no_connect"/>
    </net>
    <net code="85" name="unconnected-(U2-VUSB-Pad49)">
      <node ref="U2" pin="49" pinfunction="VUSB" pintype="power_out+no_connect"/>
    </net>
    <net code="86" name="unconnected-(U4-Cross-Pad)">
      <node ref="U4" pin="" pinfunction="Cross" pintype="input+no_connect"/>
    </net>
    <net code="87" name="unconnected-(U5-5V-Pad9)">
      <node ref="U5" pin="9" pinfunction="5V" pintype="input+no_connect"/>
    </net>
    <net code="88" name="unconnected-(U5-5V-Pad17)">
      <node ref="U5" pin="17" pinfunction="5V" pintype="input+no_connect"/>
    </net>
    <net code="89" name="unconnected-(U5-ERR-Pad1)">
      <node ref="U5" pin="1" pinfunction="ERR" pintype="input+no_connect"/>
    </net>
    <net code="90" name="unconnected-(U5-FBT-Pad19)">
      <node ref="U5" pin="19" pinfunction="FBT" pintype="input+no_connect"/>
    </net>
    <net code="91" name="unconnected-(U5-GND-Pad11)">
      <node ref="U5" pin="11" pinfunction="GND" pintype="input+no_connect"/>
    </net>
    <net code="92" name="unconnected-(U5-GND_DNU-Pad13)">
      <node ref="U5" pin="13" pinfunction="GND_DNU" pintype="input+no_connect"/>
    </net>
    <net code="93" name="unconnected-(U5-GND_DNU-Pad15)">
      <node ref="U5" pin="15" pinfunction="GND_DNU" pintype="input+no_connect"/>
    </net>
    <net code="94" name="unconnected-(U5-RC-Pad8)">
      <node ref="U5" pin="8" pinfunction="RC" pintype="input+no_connect"/>
    </net>
    <net code="95" name="unconnected-(U5-RST-Pad2)">
      <node ref="U5" pin="2" pinfunction="RST" pintype="input+no_connect"/>
    </net>
    <net code="96" name="unconnected-(U5-RX-Pad7)">
      <node ref="U5" pin="7" pinfunction="RX" pintype="input+no_connect"/>
    </net>
    <net code="97" name="unconnected-(U5-TX-Pad6)">
      <node ref="U5" pin="6" pinfunction="TX" pintype="input+no_connect"/>
    </net>
    <net code="98" name="unconnected-(U5-VM_DNU-Pad14)">
      <node ref="U5" pin="14" pinfunction="VM_DNU" pintype="input+no_connect"/>
    </net>
    <net code="99" name="unconnected-(U6-Cross-Pad2)">
      <node ref="U6" pin="2" pinfunction="Cross" pintype="input+no_connect"/>
    </net>
  </nets>
</export>
